040F9EDC-CB0D-4164-BA8B-D7079EB90632#appfire#CommunicationTypeService#appfire#salesdemo.app.server.service.CommunicationTypeService#appfire#{"resourceMapping":"/CommunicationType","defaultMethodType":"","defaultContentType":""}#appfire#{"repository":{"fileName":"CommunicationTypeService.java","filePath":"salesdemo/src/main/java/salesdemo/app/server/service/CommunicationTypeService.java"},"implementInterface":[],"extendsClass":[],"repositories":[{"repository":{"fileName":"CommunicationTypeRepositoryImpl.java","filePath":"salesdemo/src/main/java/salesdemo/app/server/repository/CommunicationTypeRepositoryImpl.java"},"implementInterface":[{"fileName":"CommunicationTypeRepository.java","filePath":"salesdemo/src/main/java/salesdemo/app/server/repository/CommunicationTypeRepository.java"}],"extendsClass":[{"fileName":"SearchInterfaceImpl.java","filePath":"salesdemo/src/main/java/salesdemo/app/server/repository/SearchInterfaceImpl.java","isDisplay":false}],"entities":{"fileName":"CommunicationType.java","filePath":"salesdemo/src/main/java/salesdemo/app/shared/contacts/CommunicationType.java"}}]}#appfire#I#appfire#XHXGDWAAHU9LCGFZF4JMZA#appfire#E8645FA9-241A-401E-A3F6-602F0CEBCAB5#appfire#1#appfire#\N#appfire#2015-12-21 06:47:18#appfire#\N#appfire#2015-12-21 06:47:18#appfire#1#appfire#1#appfire#8D62E871-6ED0-4D09-BEE7-9B19ACF6CD8D
0BB53F2D-0405-431A-8DDD-9BC6BE4311B9#appfire#CountryService#appfire#salesdemo.app.server.service.CountryService#appfire#{"resourceMapping":"/Country","defaultMethodType":"","defaultContentType":""}#appfire#{"repository":{"fileName":"CountryService.java","filePath":"salesdemo/src/main/java/salesdemo/app/server/service/CountryService.java"},"implementInterface":[],"extendsClass":[],"repositories":[{"repository":{"fileName":"CountryRepositoryImpl.java","filePath":"salesdemo/src/main/java/salesdemo/app/server/repository/CountryRepositoryImpl.java"},"implementInterface":[{"fileName":"CountryRepository.java","filePath":"salesdemo/src/main/java/salesdemo/app/server/repository/CountryRepository.java"}],"extendsClass":[{"fileName":"SearchInterfaceImpl.java","filePath":"salesdemo/src/main/java/salesdemo/app/server/repository/SearchInterfaceImpl.java","isDisplay":false}],"entities":{"fileName":"Country.java","filePath":"salesdemo/src/main/java/salesdemo/app/shared/location/Country.java"}}]}#appfire#I#appfire#XHXGDWAAHU9LCGFZF4JMZA#appfire#E8645FA9-241A-401E-A3F6-602F0CEBCAB5#appfire#1#appfire#\N#appfire#2015-12-21 06:47:09#appfire#\N#appfire#2015-12-21 06:47:09#appfire#1#appfire#1#appfire#E7E84FA7-612A-4413-B873-48C48FAB730C
1C1B587E-74D6-486E-B5BD-9366DF7BF6A6#appfire#AddressService#appfire#salesdemo.app.server.service.AddressService#appfire#{"resourceMapping":"/Address","defaultMethodType":"","defaultContentType":""}#appfire#{"repository":{"fileName":"AddressService.java","filePath":"salesdemo/src/main/java/salesdemo/app/server/service/AddressService.java"},"implementInterface":[],"extendsClass":[],"repositories":[{"repository":{"fileName":"AddressRepositoryImpl.java","filePath":"salesdemo/src/main/java/salesdemo/app/server/repository/AddressRepositoryImpl.java"},"implementInterface":[{"fileName":"AddressRepository.java","filePath":"salesdemo/src/main/java/salesdemo/app/server/repository/AddressRepository.java"}],"extendsClass":[{"fileName":"SearchInterfaceImpl.java","filePath":"salesdemo/src/main/java/salesdemo/app/server/repository/SearchInterfaceImpl.java","isDisplay":false}],"entities":{"fileName":"Address.java","filePath":"salesdemo/src/main/java/salesdemo/app/shared/location/Address.java"}}]}#appfire#I#appfire#XHXGDWAAHU9LCGFZF4JMZA#appfire#E8645FA9-241A-401E-A3F6-602F0CEBCAB5#appfire#1#appfire#\N#appfire#2015-12-21 06:47:16#appfire#\N#appfire#2015-12-21 06:47:16#appfire#1#appfire#1#appfire#CC81ADAC-E1BB-4D5B-8F62-058C84C2998B
2B60E11F-0F7C-4C3A-AB3F-BC0B8FF13338#appfire#VillageService#appfire#salesdemo.app.server.service.VillageService#appfire#{"resourceMapping":"/Village","defaultMethodType":"","defaultContentType":""}#appfire#{"repository":{"fileName":"VillageService.java","filePath":"salesdemo/src/main/java/salesdemo/app/server/service/VillageService.java"},"implementInterface":[],"extendsClass":[],"repositories":[{"repository":{"fileName":"VillageRepositoryImpl.java","filePath":"salesdemo/src/main/java/salesdemo/app/server/repository/VillageRepositoryImpl.java"},"implementInterface":[{"fileName":"VillageRepository.java","filePath":"salesdemo/src/main/java/salesdemo/app/server/repository/VillageRepository.java"}],"extendsClass":[{"fileName":"SearchInterfaceImpl.java","filePath":"salesdemo/src/main/java/salesdemo/app/server/repository/SearchInterfaceImpl.java","isDisplay":false}],"entities":{"fileName":"Village.java","filePath":"salesdemo/src/main/java/salesdemo/app/shared/location/Village.java"}}]}#appfire#I#appfire#XHXGDWAAHU9LCGFZF4JMZA#appfire#E8645FA9-241A-401E-A3F6-602F0CEBCAB5#appfire#1#appfire#\N#appfire#2015-12-21 06:47:14#appfire#\N#appfire#2015-12-21 06:47:14#appfire#1#appfire#1#appfire#FB096C74-B306-4294-9DCE-06BCA0BBF80C
2C1630EF-B510-4425-970B-163CC531A4BA#appfire#DistrictService#appfire#salesdemo.app.server.service.DistrictService#appfire#{"resourceMapping":"/District","defaultMethodType":"","defaultContentType":""}#appfire#{"repository":{"fileName":"DistrictService.java","filePath":"salesdemo/src/main/java/salesdemo/app/server/service/DistrictService.java"},"implementInterface":[],"extendsClass":[],"repositories":[{"repository":{"fileName":"DistrictRepositoryImpl.java","filePath":"salesdemo/src/main/java/salesdemo/app/server/repository/DistrictRepositoryImpl.java"},"implementInterface":[{"fileName":"DistrictRepository.java","filePath":"salesdemo/src/main/java/salesdemo/app/server/repository/DistrictRepository.java"}],"extendsClass":[{"fileName":"SearchInterfaceImpl.java","filePath":"salesdemo/src/main/java/salesdemo/app/server/repository/SearchInterfaceImpl.java","isDisplay":false}],"entities":{"fileName":"District.java","filePath":"salesdemo/src/main/java/salesdemo/app/shared/location/District.java"}}]}#appfire#I#appfire#XHXGDWAAHU9LCGFZF4JMZA#appfire#E8645FA9-241A-401E-A3F6-602F0CEBCAB5#appfire#1#appfire#\N#appfire#2015-12-21 06:47:11#appfire#\N#appfire#2015-12-21 06:47:11#appfire#1#appfire#1#appfire#3EC65BDD-C55D-4925-96AA-D415B1E0564B
3045D10F-3355-42A6-A506-E04FCA222A01#appfire#CityService#appfire#salesdemo.app.server.service.CityService#appfire#{"resourceMapping":"/City","defaultMethodType":"","defaultContentType":""}#appfire#{"repository":{"fileName":"CityService.java","filePath":"salesdemo/src/main/java/salesdemo/app/server/service/CityService.java"},"implementInterface":[],"extendsClass":[],"repositories":[{"repository":{"fileName":"CityRepositoryImpl.java","filePath":"salesdemo/src/main/java/salesdemo/app/server/repository/CityRepositoryImpl.java"},"implementInterface":[{"fileName":"CityRepository.java","filePath":"salesdemo/src/main/java/salesdemo/app/server/repository/CityRepository.java"}],"extendsClass":[{"fileName":"SearchInterfaceImpl.java","filePath":"salesdemo/src/main/java/salesdemo/app/server/repository/SearchInterfaceImpl.java","isDisplay":false}],"entities":{"fileName":"City.java","filePath":"salesdemo/src/main/java/salesdemo/app/shared/location/City.java"}}]}#appfire#I#appfire#XHXGDWAAHU9LCGFZF4JMZA#appfire#E8645FA9-241A-401E-A3F6-602F0CEBCAB5#appfire#1#appfire#\N#appfire#2015-12-21 06:47:12#appfire#\N#appfire#2015-12-21 06:47:12#appfire#1#appfire#1#appfire#22CA4496-8F05-410A-AF74-70F83823211D
30FCF327-9DE7-4FB4-8C9D-D016E130E7C8#appfire#UserAccessLevelService#appfire#salesdemo.app.server.service.UserAccessLevelService#appfire#{"resourceMapping":"/UserAccessLevel","defaultMethodType":"","defaultContentType":""}#appfire#{"repository":{"fileName":"UserAccessLevelService.java","filePath":"salesdemo/src/main/java/salesdemo/app/server/service/UserAccessLevelService.java"},"implementInterface":[],"extendsClass":[],"repositories":[{"repository":{"fileName":"UserAccessLevelRepositoryImpl.java","filePath":"salesdemo/src/main/java/salesdemo/app/server/repository/UserAccessLevelRepositoryImpl.java"},"implementInterface":[{"fileName":"UserAccessLevelRepository.java","filePath":"salesdemo/src/main/java/salesdemo/app/server/repository/UserAccessLevelRepository.java"}],"extendsClass":[{"fileName":"SearchInterfaceImpl.java","filePath":"salesdemo/src/main/java/salesdemo/app/server/repository/SearchInterfaceImpl.java","isDisplay":false}],"entities":{"fileName":"UserAccessLevel.java","filePath":"salesdemo/src/main/java/salesdemo/app/shared/authentication/UserAccessLevel.java"}}]}#appfire#I#appfire#XHXGDWAAHU9LCGFZF4JMZA#appfire#E8645FA9-241A-401E-A3F6-602F0CEBCAB5#appfire#1#appfire#\N#appfire#2015-12-21 06:47:24#appfire#\N#appfire#2015-12-21 06:47:24#appfire#1#appfire#1#appfire#536AE6EE-129F-44AA-8A84-4103E080ED4E
31C42EA4-3E66-4E6F-8E38-07FD7044DB9E#appfire#AppCustomerService#appfire#salesdemo.app.server.service.AppCustomerService#appfire#{"resourceMapping":"/AppCustomer","defaultMethodType":"","defaultContentType":""}#appfire#{"repository":{"fileName":"AppCustomerService.java","filePath":"salesdemo/src/main/java/salesdemo/app/server/service/AppCustomerService.java"},"implementInterface":[],"extendsClass":[],"repositories":[{"repository":{"fileName":"AppCustomerRepositoryImpl.java","filePath":"salesdemo/src/main/java/salesdemo/app/server/repository/AppCustomerRepositoryImpl.java"},"implementInterface":[{"fileName":"AppCustomerRepository.java","filePath":"salesdemo/src/main/java/salesdemo/app/server/repository/AppCustomerRepository.java"}],"extendsClass":[{"fileName":"SearchInterfaceImpl.java","filePath":"salesdemo/src/main/java/salesdemo/app/server/repository/SearchInterfaceImpl.java","isDisplay":false}],"entities":{"fileName":"AppCustomer.java","filePath":"salesdemo/src/main/java/salesdemo/app/shared/customers/AppCustomer.java"}}]}#appfire#I#appfire#XHXGDWAAHU9LCGFZF4JMZA#appfire#E8645FA9-241A-401E-A3F6-602F0CEBCAB5#appfire#1#appfire#\N#appfire#2015-12-21 06:47:40#appfire#\N#appfire#2015-12-21 06:47:40#appfire#1#appfire#1#appfire#08D1912B-8C9A-47CA-8228-F481DC1657BA
4769DC32-A115-44DB-A978-9EA217FCD9A3#appfire#TitleService#appfire#salesdemo.app.server.service.TitleService#appfire#{"resourceMapping":"/Title","defaultMethodType":"","defaultContentType":""}#appfire#{"repository":{"fileName":"TitleService.java","filePath":"salesdemo/src/main/java/salesdemo/app/server/service/TitleService.java"},"implementInterface":[],"extendsClass":[],"repositories":[{"repository":{"fileName":"TitleRepositoryImpl.java","filePath":"salesdemo/src/main/java/salesdemo/app/server/repository/TitleRepositoryImpl.java"},"implementInterface":[{"fileName":"TitleRepository.java","filePath":"salesdemo/src/main/java/salesdemo/app/server/repository/TitleRepository.java"}],"extendsClass":[{"fileName":"SearchInterfaceImpl.java","filePath":"salesdemo/src/main/java/salesdemo/app/server/repository/SearchInterfaceImpl.java","isDisplay":false}],"entities":{"fileName":"Title.java","filePath":"salesdemo/src/main/java/salesdemo/app/shared/contacts/Title.java"}}]}#appfire#I#appfire#XHXGDWAAHU9LCGFZF4JMZA#appfire#E8645FA9-241A-401E-A3F6-602F0CEBCAB5#appfire#1#appfire#\N#appfire#2015-12-21 06:47:19#appfire#\N#appfire#2015-12-21 06:47:19#appfire#1#appfire#1#appfire#708FA774-3A72-42CB-83F5-BBE691EA6D8E
4B9E8863-438F-4218-A75F-F50489DF08EE#appfire#CommunicationGroupService#appfire#salesdemo.app.server.service.CommunicationGroupService#appfire#{"resourceMapping":"/CommunicationGroup","defaultMethodType":"","defaultContentType":""}#appfire#{"repository":{"fileName":"CommunicationGroupService.java","filePath":"salesdemo/src/main/java/salesdemo/app/server/service/CommunicationGroupService.java"},"implementInterface":[],"extendsClass":[],"repositories":[{"repository":{"fileName":"CommunicationGroupRepositoryImpl.java","filePath":"salesdemo/src/main/java/salesdemo/app/server/repository/CommunicationGroupRepositoryImpl.java"},"implementInterface":[{"fileName":"CommunicationGroupRepository.java","filePath":"salesdemo/src/main/java/salesdemo/app/server/repository/CommunicationGroupRepository.java"}],"extendsClass":[{"fileName":"SearchInterfaceImpl.java","filePath":"salesdemo/src/main/java/salesdemo/app/server/repository/SearchInterfaceImpl.java","isDisplay":false}],"entities":{"fileName":"CommunicationGroup.java","filePath":"salesdemo/src/main/java/salesdemo/app/shared/contacts/CommunicationGroup.java"}}]}#appfire#I#appfire#XHXGDWAAHU9LCGFZF4JMZA#appfire#E8645FA9-241A-401E-A3F6-602F0CEBCAB5#appfire#1#appfire#\N#appfire#2015-12-21 06:47:18#appfire#\N#appfire#2015-12-21 06:47:18#appfire#1#appfire#1#appfire#90F98E73-A8D4-4E07-9AD4-C77A2C593D28
4CD35B7A-41D7-47E0-9630-BB9B470A7334#appfire#UserAccessDomainService#appfire#salesdemo.app.server.service.UserAccessDomainService#appfire#{"resourceMapping":"/UserAccessDomain","defaultMethodType":"","defaultContentType":""}#appfire#{"repository":{"fileName":"UserAccessDomainService.java","filePath":"salesdemo/src/main/java/salesdemo/app/server/service/UserAccessDomainService.java"},"implementInterface":[],"extendsClass":[],"repositories":[{"repository":{"fileName":"UserAccessDomainRepositoryImpl.java","filePath":"salesdemo/src/main/java/salesdemo/app/server/repository/UserAccessDomainRepositoryImpl.java"},"implementInterface":[{"fileName":"UserAccessDomainRepository.java","filePath":"salesdemo/src/main/java/salesdemo/app/server/repository/UserAccessDomainRepository.java"}],"extendsClass":[{"fileName":"SearchInterfaceImpl.java","filePath":"salesdemo/src/main/java/salesdemo/app/server/repository/SearchInterfaceImpl.java","isDisplay":false}],"entities":{"fileName":"UserAccessDomain.java","filePath":"salesdemo/src/main/java/salesdemo/app/shared/authentication/UserAccessDomain.java"}}]}#appfire#I#appfire#XHXGDWAAHU9LCGFZF4JMZA#appfire#E8645FA9-241A-401E-A3F6-602F0CEBCAB5#appfire#1#appfire#\N#appfire#2015-12-21 06:47:25#appfire#\N#appfire#2015-12-21 06:47:25#appfire#1#appfire#1#appfire#0E336260-B06D-4518-A3C2-D98EB1E65FEF
50696DAA-CE36-4BCF-81BA-4E8EACEEB10E#appfire#PasswordAlgoService#appfire#salesdemo.app.server.service.PasswordAlgoService#appfire#{"resourceMapping":"/PasswordAlgo","defaultMethodType":"","defaultContentType":""}#appfire#{"repository":{"fileName":"PasswordAlgoService.java","filePath":"salesdemo/src/main/java/salesdemo/app/server/service/PasswordAlgoService.java"},"implementInterface":[],"extendsClass":[],"repositories":[{"repository":{"fileName":"PasswordAlgoRepositoryImpl.java","filePath":"salesdemo/src/main/java/salesdemo/app/server/repository/PasswordAlgoRepositoryImpl.java"},"implementInterface":[{"fileName":"PasswordAlgoRepository.java","filePath":"salesdemo/src/main/java/salesdemo/app/server/repository/PasswordAlgoRepository.java"}],"extendsClass":[{"fileName":"SearchInterfaceImpl.java","filePath":"salesdemo/src/main/java/salesdemo/app/server/repository/SearchInterfaceImpl.java","isDisplay":false}],"entities":{"fileName":"PasswordAlgo.java","filePath":"salesdemo/src/main/java/salesdemo/app/shared/authentication/PasswordAlgo.java"}}]}#appfire#I#appfire#XHXGDWAAHU9LCGFZF4JMZA#appfire#E8645FA9-241A-401E-A3F6-602F0CEBCAB5#appfire#1#appfire#\N#appfire#2015-12-21 06:47:23#appfire#\N#appfire#2015-12-21 06:47:23#appfire#1#appfire#1#appfire#5149B639-C9D0-49B2-9F2D-086C5C1DB16D
523CACAD-25D6-4FB5-865A-E3E5B619BE4A#appfire#PasswordPolicyService#appfire#salesdemo.app.server.service.PasswordPolicyService#appfire#{"resourceMapping":"/PasswordPolicy","defaultMethodType":"","defaultContentType":""}#appfire#{"repository":{"fileName":"PasswordPolicyService.java","filePath":"salesdemo/src/main/java/salesdemo/app/server/service/PasswordPolicyService.java"},"implementInterface":[],"extendsClass":[],"repositories":[{"repository":{"fileName":"PasswordPolicyRepositoryImpl.java","filePath":"salesdemo/src/main/java/salesdemo/app/server/repository/PasswordPolicyRepositoryImpl.java"},"implementInterface":[{"fileName":"PasswordPolicyRepository.java","filePath":"salesdemo/src/main/java/salesdemo/app/server/repository/PasswordPolicyRepository.java"}],"extendsClass":[{"fileName":"SearchInterfaceImpl.java","filePath":"salesdemo/src/main/java/salesdemo/app/server/repository/SearchInterfaceImpl.java","isDisplay":false}],"entities":{"fileName":"PasswordPolicy.java","filePath":"salesdemo/src/main/java/salesdemo/app/shared/authentication/PasswordPolicy.java"}}]}#appfire#I#appfire#XHXGDWAAHU9LCGFZF4JMZA#appfire#E8645FA9-241A-401E-A3F6-602F0CEBCAB5#appfire#1#appfire#\N#appfire#2015-12-21 06:47:24#appfire#\N#appfire#2015-12-21 06:47:24#appfire#1#appfire#1#appfire#E0E903E4-C69D-4980-B8B2-6255FB868B21
5B721726-81A2-41E6-8508-92E169ECD4DA#appfire#RegionService#appfire#salesdemo.app.server.service.RegionService#appfire#{"resourceMapping":"/Region","defaultMethodType":"","defaultContentType":""}#appfire#{"repository":{"fileName":"RegionService.java","filePath":"salesdemo/src/main/java/salesdemo/app/server/service/RegionService.java"},"implementInterface":[],"extendsClass":[],"repositories":[{"repository":{"fileName":"RegionRepositoryImpl.java","filePath":"salesdemo/src/main/java/salesdemo/app/server/repository/RegionRepositoryImpl.java"},"implementInterface":[{"fileName":"RegionRepository.java","filePath":"salesdemo/src/main/java/salesdemo/app/server/repository/RegionRepository.java"}],"extendsClass":[{"fileName":"SearchInterfaceImpl.java","filePath":"salesdemo/src/main/java/salesdemo/app/server/repository/SearchInterfaceImpl.java","isDisplay":false}],"entities":{"fileName":"Region.java","filePath":"salesdemo/src/main/java/salesdemo/app/shared/location/Region.java"}}]}#appfire#I#appfire#XHXGDWAAHU9LCGFZF4JMZA#appfire#E8645FA9-241A-401E-A3F6-602F0CEBCAB5#appfire#1#appfire#\N#appfire#2015-12-21 06:47:10#appfire#\N#appfire#2015-12-21 06:47:10#appfire#1#appfire#1#appfire#86EE9E00-4001-4F20-9F4D-97F8BE63B23C
62B1505A-8900-450E-B0F4-CE4BEA9EE8FB#appfire#AppCustomerCategoryService#appfire#salesdemo.app.server.service.AppCustomerCategoryService#appfire#{"resourceMapping":"/AppCustomerCategory","defaultMethodType":"","defaultContentType":""}#appfire#{"repository":{"fileName":"AppCustomerCategoryService.java","filePath":"salesdemo/src/main/java/salesdemo/app/server/service/AppCustomerCategoryService.java"},"implementInterface":[],"extendsClass":[],"repositories":[{"repository":{"fileName":"AppCustomerCategoryRepositoryImpl.java","filePath":"salesdemo/src/main/java/salesdemo/app/server/repository/AppCustomerCategoryRepositoryImpl.java"},"implementInterface":[{"fileName":"AppCustomerCategoryRepository.java","filePath":"salesdemo/src/main/java/salesdemo/app/server/repository/AppCustomerCategoryRepository.java"}],"extendsClass":[{"fileName":"SearchInterfaceImpl.java","filePath":"salesdemo/src/main/java/salesdemo/app/server/repository/SearchInterfaceImpl.java","isDisplay":false}],"entities":{"fileName":"AppCustomerCategory.java","filePath":"salesdemo/src/main/java/salesdemo/app/shared/customers/AppCustomerCategory.java"}}]}#appfire#I#appfire#XHXGDWAAHU9LCGFZF4JMZA#appfire#E8645FA9-241A-401E-A3F6-602F0CEBCAB5#appfire#1#appfire#\N#appfire#2015-12-21 06:47:39#appfire#\N#appfire#2015-12-21 06:47:39#appfire#1#appfire#1#appfire#2D939ABD-6C76-4AD3-A418-75E3AF0AF5AF
65E03439-19A4-452F-869C-221014142404#appfire#AddressTypeService#appfire#salesdemo.app.server.service.AddressTypeService#appfire#{"resourceMapping":"/AddressType","defaultMethodType":"","defaultContentType":""}#appfire#{"repository":{"fileName":"AddressTypeService.java","filePath":"salesdemo/src/main/java/salesdemo/app/server/service/AddressTypeService.java"},"implementInterface":[],"extendsClass":[],"repositories":[{"repository":{"fileName":"AddressTypeRepositoryImpl.java","filePath":"salesdemo/src/main/java/salesdemo/app/server/repository/AddressTypeRepositoryImpl.java"},"implementInterface":[{"fileName":"AddressTypeRepository.java","filePath":"salesdemo/src/main/java/salesdemo/app/server/repository/AddressTypeRepository.java"}],"extendsClass":[{"fileName":"SearchInterfaceImpl.java","filePath":"salesdemo/src/main/java/salesdemo/app/server/repository/SearchInterfaceImpl.java","isDisplay":false}],"entities":{"fileName":"AddressType.java","filePath":"salesdemo/src/main/java/salesdemo/app/shared/location/AddressType.java"}}]}#appfire#I#appfire#XHXGDWAAHU9LCGFZF4JMZA#appfire#E8645FA9-241A-401E-A3F6-602F0CEBCAB5#appfire#1#appfire#\N#appfire#2015-12-21 06:47:16#appfire#\N#appfire#2015-12-21 06:47:16#appfire#1#appfire#1#appfire#D6978870-B3FE-435A-BC1C-587EF8FE9FA4
7486F2B4-33AB-4B43-9D7F-F461491249CA#appfire#TimezoneService#appfire#salesdemo.app.server.service.TimezoneService#appfire#{"resourceMapping":"/Timezone","defaultMethodType":"","defaultContentType":""}#appfire#{"repository":{"fileName":"TimezoneService.java","filePath":"salesdemo/src/main/java/salesdemo/app/server/service/TimezoneService.java"},"implementInterface":[],"extendsClass":[],"repositories":[{"repository":{"fileName":"TimezoneRepositoryImpl.java","filePath":"salesdemo/src/main/java/salesdemo/app/server/repository/TimezoneRepositoryImpl.java"},"implementInterface":[{"fileName":"TimezoneRepository.java","filePath":"salesdemo/src/main/java/salesdemo/app/server/repository/TimezoneRepository.java"}],"extendsClass":[{"fileName":"SearchInterfaceImpl.java","filePath":"salesdemo/src/main/java/salesdemo/app/server/repository/SearchInterfaceImpl.java","isDisplay":false}],"entities":{"fileName":"Timezone.java","filePath":"salesdemo/src/main/java/salesdemo/app/shared/location/Timezone.java"}}]}#appfire#I#appfire#XHXGDWAAHU9LCGFZF4JMZA#appfire#E8645FA9-241A-401E-A3F6-602F0CEBCAB5#appfire#1#appfire#\N#appfire#2015-12-21 06:47:08#appfire#\N#appfire#2015-12-21 06:47:08#appfire#1#appfire#1#appfire#C21C252E-8F13-4E56-9A31-3720D0B7CACB
7AB23E54-1C28-4033-9B9F-CE034B9FAD2F#appfire#ContactTypeService#appfire#salesdemo.app.server.service.ContactTypeService#appfire#{"resourceMapping":"/ContactType","defaultMethodType":"","defaultContentType":""}#appfire#{"repository":{"fileName":"ContactTypeService.java","filePath":"salesdemo/src/main/java/salesdemo/app/server/service/ContactTypeService.java"},"implementInterface":[],"extendsClass":[],"repositories":[{"repository":{"fileName":"ContactTypeRepositoryImpl.java","filePath":"salesdemo/src/main/java/salesdemo/app/server/repository/ContactTypeRepositoryImpl.java"},"implementInterface":[{"fileName":"ContactTypeRepository.java","filePath":"salesdemo/src/main/java/salesdemo/app/server/repository/ContactTypeRepository.java"}],"extendsClass":[{"fileName":"SearchInterfaceImpl.java","filePath":"salesdemo/src/main/java/salesdemo/app/server/repository/SearchInterfaceImpl.java","isDisplay":false}],"entities":{"fileName":"ContactType.java","filePath":"salesdemo/src/main/java/salesdemo/app/shared/contacts/ContactType.java"}}]}#appfire#I#appfire#XHXGDWAAHU9LCGFZF4JMZA#appfire#E8645FA9-241A-401E-A3F6-602F0CEBCAB5#appfire#1#appfire#\N#appfire#2015-12-21 06:47:17#appfire#\N#appfire#2015-12-21 06:47:17#appfire#1#appfire#1#appfire#22E736C4-38C0-4D19-A224-A16D2884E7E4
858E8364-920E-409E-A8C8-7C267C5A7B83#appfire#AppCustomerTypeService#appfire#salesdemo.app.server.service.AppCustomerTypeService#appfire#{"resourceMapping":"/AppCustomerType","defaultMethodType":"","defaultContentType":""}#appfire#{"repository":{"fileName":"AppCustomerTypeService.java","filePath":"salesdemo/src/main/java/salesdemo/app/server/service/AppCustomerTypeService.java"},"implementInterface":[],"extendsClass":[],"repositories":[{"repository":{"fileName":"AppCustomerTypeRepositoryImpl.java","filePath":"salesdemo/src/main/java/salesdemo/app/server/repository/AppCustomerTypeRepositoryImpl.java"},"implementInterface":[{"fileName":"AppCustomerTypeRepository.java","filePath":"salesdemo/src/main/java/salesdemo/app/server/repository/AppCustomerTypeRepository.java"}],"extendsClass":[{"fileName":"SearchInterfaceImpl.java","filePath":"salesdemo/src/main/java/salesdemo/app/server/repository/SearchInterfaceImpl.java","isDisplay":false}],"entities":{"fileName":"AppCustomerType.java","filePath":"salesdemo/src/main/java/salesdemo/app/shared/customers/AppCustomerType.java"}}]}#appfire#I#appfire#XHXGDWAAHU9LCGFZF4JMZA#appfire#E8645FA9-241A-401E-A3F6-602F0CEBCAB5#appfire#1#appfire#\N#appfire#2015-12-21 06:47:39#appfire#\N#appfire#2015-12-21 06:47:39#appfire#1#appfire#1#appfire#AB35C5F0-0F32-4F5A-A223-3380A85BB0E3
8894A51D-092F-4623-84BD-3491A24C6F5F#appfire#LanguageService#appfire#salesdemo.app.server.service.LanguageService#appfire#{"resourceMapping":"/Language","defaultMethodType":"","defaultContentType":""}#appfire#{"repository":{"fileName":"LanguageService.java","filePath":"salesdemo/src/main/java/salesdemo/app/server/service/LanguageService.java"},"implementInterface":[],"extendsClass":[],"repositories":[{"repository":{"fileName":"LanguageRepositoryImpl.java","filePath":"salesdemo/src/main/java/salesdemo/app/server/repository/LanguageRepositoryImpl.java"},"implementInterface":[{"fileName":"LanguageRepository.java","filePath":"salesdemo/src/main/java/salesdemo/app/server/repository/LanguageRepository.java"}],"extendsClass":[{"fileName":"SearchInterfaceImpl.java","filePath":"salesdemo/src/main/java/salesdemo/app/server/repository/SearchInterfaceImpl.java","isDisplay":false}],"entities":{"fileName":"Language.java","filePath":"salesdemo/src/main/java/salesdemo/app/shared/location/Language.java"}}]}#appfire#I#appfire#XHXGDWAAHU9LCGFZF4JMZA#appfire#E8645FA9-241A-401E-A3F6-602F0CEBCAB5#appfire#1#appfire#\N#appfire#2015-12-21 06:47:08#appfire#\N#appfire#2015-12-21 06:47:08#appfire#1#appfire#1#appfire#483540F2-1DAF-4E31-BE93-0FD480A5324D
93A2B280-43F9-4B11-9058-B30D2E6E0980#appfire#AppMenusService#appfire#salesdemo.app.server.service.AppMenusService#appfire#{"resourceMapping":"/AppMenus","defaultMethodType":"","defaultContentType":""}#appfire#{"repository":{"fileName":"AppMenusService.java","filePath":"salesdemo/src/main/java/salesdemo/app/server/service/AppMenusService.java"},"implementInterface":[],"extendsClass":[],"repositories":[{"repository":{"fileName":"AppMenusRepositoryImpl.java","filePath":"salesdemo/src/main/java/salesdemo/app/server/repository/AppMenusRepositoryImpl.java"},"implementInterface":[{"fileName":"AppMenusRepository.java","filePath":"salesdemo/src/main/java/salesdemo/app/server/repository/AppMenusRepository.java"}],"extendsClass":[{"fileName":"SearchInterfaceImpl.java","filePath":"salesdemo/src/main/java/salesdemo/app/server/repository/SearchInterfaceImpl.java","isDisplay":false}],"entities":{"fileName":"AppMenus.java","filePath":"salesdemo/src/main/java/salesdemo/app/shared/authorization/AppMenus.java"}}]}#appfire#I#appfire#XHXGDWAAHU9LCGFZF4JMZA#appfire#E8645FA9-241A-401E-A3F6-602F0CEBCAB5#appfire#1#appfire#\N#appfire#2015-12-21 06:47:37#appfire#\N#appfire#2015-12-21 06:47:37#appfire#1#appfire#1#appfire#8F4DD6BC-C04C-4BCC-9521-8DE21D1492DF
974147A5-9406-47AB-A866-1BE963BDCAED#appfire#StateService#appfire#salesdemo.app.server.service.StateService#appfire#{"resourceMapping":"/State","defaultMethodType":"","defaultContentType":""}#appfire#{"repository":{"fileName":"StateService.java","filePath":"salesdemo/src/main/java/salesdemo/app/server/service/StateService.java"},"implementInterface":[],"extendsClass":[],"repositories":[{"repository":{"fileName":"StateRepositoryImpl.java","filePath":"salesdemo/src/main/java/salesdemo/app/server/repository/StateRepositoryImpl.java"},"implementInterface":[{"fileName":"StateRepository.java","filePath":"salesdemo/src/main/java/salesdemo/app/server/repository/StateRepository.java"}],"extendsClass":[{"fileName":"SearchInterfaceImpl.java","filePath":"salesdemo/src/main/java/salesdemo/app/server/repository/SearchInterfaceImpl.java","isDisplay":false}],"entities":{"fileName":"State.java","filePath":"salesdemo/src/main/java/salesdemo/app/shared/location/State.java"}}]}#appfire#I#appfire#XHXGDWAAHU9LCGFZF4JMZA#appfire#E8645FA9-241A-401E-A3F6-602F0CEBCAB5#appfire#1#appfire#\N#appfire#2015-12-21 06:47:09#appfire#\N#appfire#2015-12-21 06:47:09#appfire#1#appfire#1#appfire#1695F741-CF8B-4230-963E-E4B0BD9371B8
9A849AF2-A20A-440C-8835-F709041C2837#appfire#GenderService#appfire#salesdemo.app.server.service.GenderService#appfire#{"resourceMapping":"/Gender","defaultMethodType":"","defaultContentType":""}#appfire#{"repository":{"fileName":"GenderService.java","filePath":"salesdemo/src/main/java/salesdemo/app/server/service/GenderService.java"},"implementInterface":[],"extendsClass":[],"repositories":[{"repository":{"fileName":"GenderRepositoryImpl.java","filePath":"salesdemo/src/main/java/salesdemo/app/server/repository/GenderRepositoryImpl.java"},"implementInterface":[{"fileName":"GenderRepository.java","filePath":"salesdemo/src/main/java/salesdemo/app/server/repository/GenderRepository.java"}],"extendsClass":[{"fileName":"SearchInterfaceImpl.java","filePath":"salesdemo/src/main/java/salesdemo/app/server/repository/SearchInterfaceImpl.java","isDisplay":false}],"entities":{"fileName":"Gender.java","filePath":"salesdemo/src/main/java/salesdemo/app/shared/contacts/Gender.java"}}]}#appfire#I#appfire#XHXGDWAAHU9LCGFZF4JMZA#appfire#E8645FA9-241A-401E-A3F6-602F0CEBCAB5#appfire#1#appfire#\N#appfire#2015-12-21 06:47:19#appfire#\N#appfire#2015-12-21 06:47:19#appfire#1#appfire#1#appfire#8E9E069B-C97F-4509-ABAB-8190475FFFA6
9C524D8A-8EEE-48EA-80D4-24489F5182CC#appfire#QuestionService#appfire#salesdemo.app.server.service.QuestionService#appfire#{"resourceMapping":"/Question","defaultMethodType":"","defaultContentType":""}#appfire#{"repository":{"fileName":"QuestionService.java","filePath":"salesdemo/src/main/java/salesdemo/app/server/service/QuestionService.java"},"implementInterface":[],"extendsClass":[],"repositories":[{"repository":{"fileName":"QuestionRepositoryImpl.java","filePath":"salesdemo/src/main/java/salesdemo/app/server/repository/QuestionRepositoryImpl.java"},"implementInterface":[{"fileName":"QuestionRepository.java","filePath":"salesdemo/src/main/java/salesdemo/app/server/repository/QuestionRepository.java"}],"extendsClass":[{"fileName":"SearchInterfaceImpl.java","filePath":"salesdemo/src/main/java/salesdemo/app/server/repository/SearchInterfaceImpl.java","isDisplay":false}],"entities":{"fileName":"Question.java","filePath":"salesdemo/src/main/java/salesdemo/app/shared/authentication/Question.java"}}]}#appfire#I#appfire#XHXGDWAAHU9LCGFZF4JMZA#appfire#E8645FA9-241A-401E-A3F6-602F0CEBCAB5#appfire#1#appfire#\N#appfire#2015-12-21 06:47:24#appfire#\N#appfire#2015-12-21 06:47:24#appfire#1#appfire#1#appfire#FCFCE666-D6ED-46BB-89A2-5196FCCA511F
A8C24253-020A-4354-85B9-8EB15D4D113C#appfire#UserRoleBridgeService#appfire#salesdemo.app.server.service.UserRoleBridgeService#appfire#{"resourceMapping":"/UserRoleBridge","defaultMethodType":"","defaultContentType":""}#appfire#{"repository":{"fileName":"UserRoleBridgeService.java","filePath":"salesdemo/src/main/java/salesdemo/app/server/service/UserRoleBridgeService.java"},"implementInterface":[],"extendsClass":[],"repositories":[{"repository":{"fileName":"UserRoleBridgeRepositoryImpl.java","filePath":"salesdemo/src/main/java/salesdemo/app/server/repository/UserRoleBridgeRepositoryImpl.java"},"implementInterface":[{"fileName":"UserRoleBridgeRepository.java","filePath":"salesdemo/src/main/java/salesdemo/app/server/repository/UserRoleBridgeRepository.java"}],"extendsClass":[{"fileName":"SearchInterfaceImpl.java","filePath":"salesdemo/src/main/java/salesdemo/app/server/repository/SearchInterfaceImpl.java","isDisplay":false}],"entities":{"fileName":"UserRoleBridge.java","filePath":"salesdemo/src/main/java/salesdemo/app/shared/authorization/UserRoleBridge.java"}}]}#appfire#I#appfire#XHXGDWAAHU9LCGFZF4JMZA#appfire#E8645FA9-241A-401E-A3F6-602F0CEBCAB5#appfire#1#appfire#\N#appfire#2015-12-21 06:47:38#appfire#\N#appfire#2015-12-21 06:47:38#appfire#1#appfire#1#appfire#6CD63977-0796-47B6-A583-5C3273B94A4C
A9CDD67F-ABF9-4035-88FB-A955B6716582#appfire#CoreContactsService#appfire#salesdemo.app.server.service.CoreContactsService#appfire#{"resourceMapping":"/CoreContacts","defaultMethodType":"","defaultContentType":""}#appfire#{"repository":{"fileName":"CoreContactsService.java","filePath":"salesdemo/src/main/java/salesdemo/app/server/service/CoreContactsService.java"},"implementInterface":[],"extendsClass":[],"repositories":[{"repository":{"fileName":"CoreContactsRepositoryImpl.java","filePath":"salesdemo/src/main/java/salesdemo/app/server/repository/CoreContactsRepositoryImpl.java"},"implementInterface":[{"fileName":"CoreContactsRepository.java","filePath":"salesdemo/src/main/java/salesdemo/app/server/repository/CoreContactsRepository.java"}],"extendsClass":[{"fileName":"SearchInterfaceImpl.java","filePath":"salesdemo/src/main/java/salesdemo/app/server/repository/SearchInterfaceImpl.java","isDisplay":false}],"entities":{"fileName":"CoreContacts.java","filePath":"salesdemo/src/main/java/salesdemo/app/shared/contacts/CoreContacts.java"}}]}#appfire#I#appfire#XHXGDWAAHU9LCGFZF4JMZA#appfire#E8645FA9-241A-401E-A3F6-602F0CEBCAB5#appfire#1#appfire#\N#appfire#2015-12-21 06:47:21#appfire#\N#appfire#2015-12-21 06:47:21#appfire#1#appfire#1#appfire#8F80402E-B48A-436C-BCB3-CB894672D8F1
C6681547-0A5E-49F9-8EE3-C75378EE5248#appfire#RolesService#appfire#salesdemo.app.server.service.RolesService#appfire#{"resourceMapping":"/Roles","defaultMethodType":"","defaultContentType":""}#appfire#{"repository":{"fileName":"RolesService.java","filePath":"salesdemo/src/main/java/salesdemo/app/server/service/RolesService.java"},"implementInterface":[],"extendsClass":[],"repositories":[{"repository":{"fileName":"RolesRepositoryImpl.java","filePath":"salesdemo/src/main/java/salesdemo/app/server/repository/RolesRepositoryImpl.java"},"implementInterface":[{"fileName":"RolesRepository.java","filePath":"salesdemo/src/main/java/salesdemo/app/server/repository/RolesRepository.java"}],"extendsClass":[{"fileName":"SearchInterfaceImpl.java","filePath":"salesdemo/src/main/java/salesdemo/app/server/repository/SearchInterfaceImpl.java","isDisplay":false}],"entities":{"fileName":"Roles.java","filePath":"salesdemo/src/main/java/salesdemo/app/shared/authorization/Roles.java"}}]}#appfire#I#appfire#XHXGDWAAHU9LCGFZF4JMZA#appfire#E8645FA9-241A-401E-A3F6-602F0CEBCAB5#appfire#1#appfire#\N#appfire#2015-12-21 06:47:36#appfire#\N#appfire#2015-12-21 06:47:36#appfire#1#appfire#1#appfire#91107D6D-75DC-4F72-9193-474A55EB3C37
C900E082-2A06-4456-A31D-DF56E4D1CFBE#appfire#TalukaService#appfire#salesdemo.app.server.service.TalukaService#appfire#{"resourceMapping":"/Taluka","defaultMethodType":"","defaultContentType":""}#appfire#{"repository":{"fileName":"TalukaService.java","filePath":"salesdemo/src/main/java/salesdemo/app/server/service/TalukaService.java"},"implementInterface":[],"extendsClass":[],"repositories":[{"repository":{"fileName":"TalukaRepositoryImpl.java","filePath":"salesdemo/src/main/java/salesdemo/app/server/repository/TalukaRepositoryImpl.java"},"implementInterface":[{"fileName":"TalukaRepository.java","filePath":"salesdemo/src/main/java/salesdemo/app/server/repository/TalukaRepository.java"}],"extendsClass":[{"fileName":"SearchInterfaceImpl.java","filePath":"salesdemo/src/main/java/salesdemo/app/server/repository/SearchInterfaceImpl.java","isDisplay":false}],"entities":{"fileName":"Taluka.java","filePath":"salesdemo/src/main/java/salesdemo/app/shared/location/Taluka.java"}}]}#appfire#I#appfire#XHXGDWAAHU9LCGFZF4JMZA#appfire#E8645FA9-241A-401E-A3F6-602F0CEBCAB5#appfire#1#appfire#\N#appfire#2015-12-21 06:47:13#appfire#\N#appfire#2015-12-21 06:47:13#appfire#1#appfire#1#appfire#4F534D5F-4E08-413F-9204-17F5C66E4F0F
C94A90BD-93BE-4FFE-912C-B7CB8FF76EC3#appfire#LoginService#appfire#salesdemo.app.server.service.LoginService#appfire#{"resourceMapping":"/Login","defaultMethodType":"","defaultContentType":""}#appfire#{"repository":{"fileName":"LoginService.java","filePath":"salesdemo/src/main/java/salesdemo/app/server/service/LoginService.java"},"implementInterface":[],"extendsClass":[],"repositories":[{"repository":{"fileName":"LoginRepositoryImpl.java","filePath":"salesdemo/src/main/java/salesdemo/app/server/repository/LoginRepositoryImpl.java"},"implementInterface":[{"fileName":"LoginRepository.java","filePath":"salesdemo/src/main/java/salesdemo/app/server/repository/LoginRepository.java"}],"extendsClass":[{"fileName":"SearchInterfaceImpl.java","filePath":"salesdemo/src/main/java/salesdemo/app/server/repository/SearchInterfaceImpl.java","isDisplay":false}],"entities":{"fileName":"Login.java","filePath":"salesdemo/src/main/java/salesdemo/app/shared/authentication/Login.java"}}]}#appfire#I#appfire#XHXGDWAAHU9LCGFZF4JMZA#appfire#E8645FA9-241A-401E-A3F6-602F0CEBCAB5#appfire#1#appfire#\N#appfire#2015-12-21 06:47:30#appfire#\N#appfire#2015-12-21 06:47:30#appfire#1#appfire#1#appfire#BFFB1DE0-C742-421C-92DC-B911D4F5E918
D5A7E39D-D22B-4915-80DA-00334AE90D55#appfire#CurrencyService#appfire#salesdemo.app.server.service.CurrencyService#appfire#{"resourceMapping":"/Currency","defaultMethodType":"","defaultContentType":""}#appfire#{"repository":{"fileName":"CurrencyService.java","filePath":"salesdemo/src/main/java/salesdemo/app/server/service/CurrencyService.java"},"implementInterface":[],"extendsClass":[],"repositories":[{"repository":{"fileName":"CurrencyRepositoryImpl.java","filePath":"salesdemo/src/main/java/salesdemo/app/server/repository/CurrencyRepositoryImpl.java"},"implementInterface":[{"fileName":"CurrencyRepository.java","filePath":"salesdemo/src/main/java/salesdemo/app/server/repository/CurrencyRepository.java"}],"extendsClass":[{"fileName":"SearchInterfaceImpl.java","filePath":"salesdemo/src/main/java/salesdemo/app/server/repository/SearchInterfaceImpl.java","isDisplay":false}],"entities":{"fileName":"Currency.java","filePath":"salesdemo/src/main/java/salesdemo/app/shared/location/Currency.java"}}]}#appfire#I#appfire#XHXGDWAAHU9LCGFZF4JMZA#appfire#E8645FA9-241A-401E-A3F6-602F0CEBCAB5#appfire#1#appfire#\N#appfire#2015-12-21 06:47:09#appfire#\N#appfire#2015-12-21 06:47:09#appfire#1#appfire#1#appfire#98210F04-E059-4E67-BD9A-7A0F4E0376C0
