0039FE1B-E3B9-4651-BF62-A7B74490EACF#appfire#RolesService#appfire#dec22.app.server.service.RolesService#appfire#{"resourceMapping":"/Roles","defaultMethodType":"","defaultContentType":""}#appfire#{"repository":{"filePath":"dec22/src/main/java/dec22/app/server/service/RolesService.java","fileName":"RolesService.java"},"implementInterface":[],"extendsClass":[],"repositories":[{"repository":{"filePath":"dec22/src/main/java/dec22/app/server/repository/RolesRepositoryImpl.java","fileName":"RolesRepositoryImpl.java"},"implementInterface":[{"filePath":"dec22/src/main/java/dec22/app/server/repository/RolesRepository.java","fileName":"RolesRepository.java"}],"extendsClass":[{"fileName":"SearchInterfaceImpl.java","filePath":"dec22/src/main/java/dec22/app/server/repository/SearchInterfaceImpl.java","isDisplay":false}],"entities":{"filePath":"dec22/src/main/java/dec22/app/shared/authorization/Roles.java","fileName":"Roles.java"}}]}#appfire#I#appfire#ZQPQWXV5D3UBRQGUKYXHG#appfire#ba9dced8-453e-49a3-b627-d497a1f91b17#appfire#1#appfire#\N#appfire#2015-12-22 06:38:02#appfire#\N#appfire#2015-12-22 06:38:02#appfire#1#appfire#1#appfire#BD175C08-E04A-40CA-AB7C-200AB36B5F50
033D7E6D-2E5D-42D6-B6E9-369D3C2268EB#appfire#RegionService#appfire#dec22.app.server.service.RegionService#appfire#{"resourceMapping":"/Region","defaultMethodType":"","defaultContentType":""}#appfire#{"repository":{"filePath":"dec22/src/main/java/dec22/app/server/service/RegionService.java","fileName":"RegionService.java"},"implementInterface":[],"extendsClass":[],"repositories":[{"repository":{"filePath":"dec22/src/main/java/dec22/app/server/repository/RegionRepositoryImpl.java","fileName":"RegionRepositoryImpl.java"},"implementInterface":[{"filePath":"dec22/src/main/java/dec22/app/server/repository/RegionRepository.java","fileName":"RegionRepository.java"}],"extendsClass":[{"fileName":"SearchInterfaceImpl.java","filePath":"dec22/src/main/java/dec22/app/server/repository/SearchInterfaceImpl.java","isDisplay":false}],"entities":{"filePath":"dec22/src/main/java/dec22/app/shared/location/Region.java","fileName":"Region.java"}}]}#appfire#I#appfire#ZQPQWXV5D3UBRQGUKYXHG#appfire#ba9dced8-453e-49a3-b627-d497a1f91b17#appfire#1#appfire#\N#appfire#2015-12-22 06:37:45#appfire#\N#appfire#2015-12-22 06:37:45#appfire#1#appfire#1#appfire#616AC6B0-DDF5-4AFE-9F1E-46F165603F73
04679C49-76A9-488C-A8B6-79BCC0FB7A50#appfire#CommunicationGroupService#appfire#dec22.app.server.service.CommunicationGroupService#appfire#{"resourceMapping":"/CommunicationGroup","defaultMethodType":"","defaultContentType":""}#appfire#{"repository":{"filePath":"dec22/src/main/java/dec22/app/server/service/CommunicationGroupService.java","fileName":"CommunicationGroupService.java"},"implementInterface":[],"extendsClass":[],"repositories":[{"repository":{"filePath":"dec22/src/main/java/dec22/app/server/repository/CommunicationGroupRepositoryImpl.java","fileName":"CommunicationGroupRepositoryImpl.java"},"implementInterface":[{"filePath":"dec22/src/main/java/dec22/app/server/repository/CommunicationGroupRepository.java","fileName":"CommunicationGroupRepository.java"}],"extendsClass":[{"fileName":"SearchInterfaceImpl.java","filePath":"dec22/src/main/java/dec22/app/server/repository/SearchInterfaceImpl.java","isDisplay":false}],"entities":{"filePath":"dec22/src/main/java/dec22/app/shared/contacts/CommunicationGroup.java","fileName":"CommunicationGroup.java"}}]}#appfire#I#appfire#ZQPQWXV5D3UBRQGUKYXHG#appfire#ba9dced8-453e-49a3-b627-d497a1f91b17#appfire#1#appfire#\N#appfire#2015-12-22 06:37:51#appfire#\N#appfire#2015-12-22 06:37:51#appfire#1#appfire#1#appfire#A438A22F-568E-4F2C-9D12-1573D4C2CA12
0569CF18-199D-491F-92F1-FE30AD2208A1#appfire#PasswordPolicyService#appfire#dec22.app.server.service.PasswordPolicyService#appfire#{"resourceMapping":"/PasswordPolicy","defaultMethodType":"","defaultContentType":""}#appfire#{"repository":{"filePath":"dec22/src/main/java/dec22/app/server/service/PasswordPolicyService.java","fileName":"PasswordPolicyService.java"},"implementInterface":[],"extendsClass":[],"repositories":[{"repository":{"filePath":"dec22/src/main/java/dec22/app/server/repository/PasswordPolicyRepositoryImpl.java","fileName":"PasswordPolicyRepositoryImpl.java"},"implementInterface":[{"filePath":"dec22/src/main/java/dec22/app/server/repository/PasswordPolicyRepository.java","fileName":"PasswordPolicyRepository.java"}],"extendsClass":[{"fileName":"SearchInterfaceImpl.java","filePath":"dec22/src/main/java/dec22/app/server/repository/SearchInterfaceImpl.java","isDisplay":false}],"entities":{"filePath":"dec22/src/main/java/dec22/app/shared/authentication/PasswordPolicy.java","fileName":"PasswordPolicy.java"}}]}#appfire#I#appfire#ZQPQWXV5D3UBRQGUKYXHG#appfire#ba9dced8-453e-49a3-b627-d497a1f91b17#appfire#1#appfire#\N#appfire#2015-12-22 06:37:55#appfire#\N#appfire#2015-12-22 06:37:55#appfire#1#appfire#1#appfire#018B17A2-9B8E-46ED-ADED-B85F6B928073
05923836-1960-4ED6-A33D-BAF7969574DC#appfire#AddressService#appfire#dec22.app.server.service.AddressService#appfire#{"resourceMapping":"/Address","defaultMethodType":"","defaultContentType":""}#appfire#{"repository":{"filePath":"dec22/src/main/java/dec22/app/server/service/AddressService.java","fileName":"AddressService.java"},"implementInterface":[],"extendsClass":[],"repositories":[{"repository":{"filePath":"dec22/src/main/java/dec22/app/server/repository/AddressRepositoryImpl.java","fileName":"AddressRepositoryImpl.java"},"implementInterface":[{"filePath":"dec22/src/main/java/dec22/app/server/repository/AddressRepository.java","fileName":"AddressRepository.java"}],"extendsClass":[{"fileName":"SearchInterfaceImpl.java","filePath":"dec22/src/main/java/dec22/app/server/repository/SearchInterfaceImpl.java","isDisplay":false}],"entities":{"filePath":"dec22/src/main/java/dec22/app/shared/location/Address.java","fileName":"Address.java"}}]}#appfire#I#appfire#ZQPQWXV5D3UBRQGUKYXHG#appfire#ba9dced8-453e-49a3-b627-d497a1f91b17#appfire#1#appfire#\N#appfire#2015-12-22 06:37:50#appfire#\N#appfire#2015-12-22 06:37:50#appfire#1#appfire#1#appfire#4B79D625-AB7D-4D73-B87D-F7B111E1F385
0E876DA2-E77E-4409-9E5A-AFF8CA3AD1C5#appfire#AppCustomerCategoryService#appfire#dec22.app.server.service.AppCustomerCategoryService#appfire#{"resourceMapping":"/AppCustomerCategory","defaultMethodType":"","defaultContentType":""}#appfire#{"repository":{"filePath":"dec22/src/main/java/dec22/app/server/service/AppCustomerCategoryService.java","fileName":"AppCustomerCategoryService.java"},"implementInterface":[],"extendsClass":[],"repositories":[{"repository":{"filePath":"dec22/src/main/java/dec22/app/server/repository/AppCustomerCategoryRepositoryImpl.java","fileName":"AppCustomerCategoryRepositoryImpl.java"},"implementInterface":[{"filePath":"dec22/src/main/java/dec22/app/server/repository/AppCustomerCategoryRepository.java","fileName":"AppCustomerCategoryRepository.java"}],"extendsClass":[{"fileName":"SearchInterfaceImpl.java","filePath":"dec22/src/main/java/dec22/app/server/repository/SearchInterfaceImpl.java","isDisplay":false}],"entities":{"filePath":"dec22/src/main/java/dec22/app/shared/customers/AppCustomerCategory.java","fileName":"AppCustomerCategory.java"}}]}#appfire#I#appfire#ZQPQWXV5D3UBRQGUKYXHG#appfire#ba9dced8-453e-49a3-b627-d497a1f91b17#appfire#1#appfire#\N#appfire#2015-12-22 06:38:05#appfire#\N#appfire#2015-12-22 06:38:05#appfire#1#appfire#1#appfire#EA32E1B9-8715-4EA5-9DF0-1F61567913BA
15A3FE7E-D7CF-4755-8ED8-29B7234944FD#appfire#PasswordAlgoService#appfire#dec22.app.server.service.PasswordAlgoService#appfire#{"resourceMapping":"/PasswordAlgo","defaultMethodType":"","defaultContentType":""}#appfire#{"repository":{"filePath":"dec22/src/main/java/dec22/app/server/service/PasswordAlgoService.java","fileName":"PasswordAlgoService.java"},"implementInterface":[],"extendsClass":[],"repositories":[{"repository":{"filePath":"dec22/src/main/java/dec22/app/server/repository/PasswordAlgoRepositoryImpl.java","fileName":"PasswordAlgoRepositoryImpl.java"},"implementInterface":[{"filePath":"dec22/src/main/java/dec22/app/server/repository/PasswordAlgoRepository.java","fileName":"PasswordAlgoRepository.java"}],"extendsClass":[{"fileName":"SearchInterfaceImpl.java","filePath":"dec22/src/main/java/dec22/app/server/repository/SearchInterfaceImpl.java","isDisplay":false}],"entities":{"filePath":"dec22/src/main/java/dec22/app/shared/authentication/PasswordAlgo.java","fileName":"PasswordAlgo.java"}}]}#appfire#I#appfire#ZQPQWXV5D3UBRQGUKYXHG#appfire#ba9dced8-453e-49a3-b627-d497a1f91b17#appfire#1#appfire#\N#appfire#2015-12-22 06:37:55#appfire#\N#appfire#2015-12-22 06:37:55#appfire#1#appfire#1#appfire#D416C14F-1F3A-4B60-B839-619DF97046B5
274EA55D-1B11-4743-BDA3-65D62BE50151#appfire#UserRoleBridgeService#appfire#dec22.app.server.service.UserRoleBridgeService#appfire#{"resourceMapping":"/UserRoleBridge","defaultMethodType":"","defaultContentType":""}#appfire#{"repository":{"filePath":"dec22/src/main/java/dec22/app/server/service/UserRoleBridgeService.java","fileName":"UserRoleBridgeService.java"},"implementInterface":[],"extendsClass":[],"repositories":[{"repository":{"filePath":"dec22/src/main/java/dec22/app/server/repository/UserRoleBridgeRepositoryImpl.java","fileName":"UserRoleBridgeRepositoryImpl.java"},"implementInterface":[{"filePath":"dec22/src/main/java/dec22/app/server/repository/UserRoleBridgeRepository.java","fileName":"UserRoleBridgeRepository.java"}],"extendsClass":[{"fileName":"SearchInterfaceImpl.java","filePath":"dec22/src/main/java/dec22/app/server/repository/SearchInterfaceImpl.java","isDisplay":false}],"entities":{"filePath":"dec22/src/main/java/dec22/app/shared/authorization/UserRoleBridge.java","fileName":"UserRoleBridge.java"}}]}#appfire#I#appfire#ZQPQWXV5D3UBRQGUKYXHG#appfire#ba9dced8-453e-49a3-b627-d497a1f91b17#appfire#1#appfire#\N#appfire#2015-12-22 06:38:04#appfire#\N#appfire#2015-12-22 06:38:04#appfire#1#appfire#1#appfire#7EF55703-56C7-4410-B3C1-4C3F03380D2E
2DB9E8A9-C00C-4A1F-840D-9645E4D25FED#appfire#CoreContactsService#appfire#dec22.app.server.service.CoreContactsService#appfire#{"resourceMapping":"/CoreContacts","defaultMethodType":"","defaultContentType":""}#appfire#{"repository":{"filePath":"dec22/src/main/java/dec22/app/server/service/CoreContactsService.java","fileName":"CoreContactsService.java"},"implementInterface":[],"extendsClass":[],"repositories":[{"repository":{"filePath":"dec22/src/main/java/dec22/app/server/repository/CoreContactsRepositoryImpl.java","fileName":"CoreContactsRepositoryImpl.java"},"implementInterface":[{"filePath":"dec22/src/main/java/dec22/app/server/repository/CoreContactsRepository.java","fileName":"CoreContactsRepository.java"}],"extendsClass":[{"fileName":"SearchInterfaceImpl.java","filePath":"dec22/src/main/java/dec22/app/server/repository/SearchInterfaceImpl.java","isDisplay":false}],"entities":{"filePath":"dec22/src/main/java/dec22/app/shared/contacts/CoreContacts.java","fileName":"CoreContacts.java"}}]}#appfire#I#appfire#ZQPQWXV5D3UBRQGUKYXHG#appfire#ba9dced8-453e-49a3-b627-d497a1f91b17#appfire#1#appfire#\N#appfire#2015-12-22 06:37:53#appfire#\N#appfire#2015-12-22 06:37:53#appfire#1#appfire#1#appfire#01C52A78-E6C9-469A-BCBE-ABFD29FCCCDC
4D9F6F21-C08A-4ABC-8DCA-558244D9DB17#appfire#CityService#appfire#dec22.app.server.service.CityService#appfire#{"resourceMapping":"/City","defaultMethodType":"","defaultContentType":""}#appfire#{"repository":{"filePath":"dec22/src/main/java/dec22/app/server/service/CityService.java","fileName":"CityService.java"},"implementInterface":[],"extendsClass":[],"repositories":[{"repository":{"filePath":"dec22/src/main/java/dec22/app/server/repository/CityRepositoryImpl.java","fileName":"CityRepositoryImpl.java"},"implementInterface":[{"filePath":"dec22/src/main/java/dec22/app/server/repository/CityRepository.java","fileName":"CityRepository.java"}],"extendsClass":[{"fileName":"SearchInterfaceImpl.java","filePath":"dec22/src/main/java/dec22/app/server/repository/SearchInterfaceImpl.java","isDisplay":false}],"entities":{"filePath":"dec22/src/main/java/dec22/app/shared/location/City.java","fileName":"City.java"}}]}#appfire#I#appfire#ZQPQWXV5D3UBRQGUKYXHG#appfire#ba9dced8-453e-49a3-b627-d497a1f91b17#appfire#1#appfire#\N#appfire#2015-12-22 06:37:47#appfire#\N#appfire#2015-12-22 06:37:47#appfire#1#appfire#1#appfire#41F86375-E247-4AEA-A4D3-9B7FAAE72890
5CEA162B-90A5-43D0-9476-CAFCEB5D9B8E#appfire#CurrencyService#appfire#dec22.app.server.service.CurrencyService#appfire#{"resourceMapping":"/Currency","defaultMethodType":"","defaultContentType":""}#appfire#{"repository":{"filePath":"dec22/src/main/java/dec22/app/server/service/CurrencyService.java","fileName":"CurrencyService.java"},"implementInterface":[],"extendsClass":[],"repositories":[{"repository":{"filePath":"dec22/src/main/java/dec22/app/server/repository/CurrencyRepositoryImpl.java","fileName":"CurrencyRepositoryImpl.java"},"implementInterface":[{"filePath":"dec22/src/main/java/dec22/app/server/repository/CurrencyRepository.java","fileName":"CurrencyRepository.java"}],"extendsClass":[{"fileName":"SearchInterfaceImpl.java","filePath":"dec22/src/main/java/dec22/app/server/repository/SearchInterfaceImpl.java","isDisplay":false}],"entities":{"filePath":"dec22/src/main/java/dec22/app/shared/location/Currency.java","fileName":"Currency.java"}}]}#appfire#I#appfire#ZQPQWXV5D3UBRQGUKYXHG#appfire#ba9dced8-453e-49a3-b627-d497a1f91b17#appfire#1#appfire#\N#appfire#2015-12-22 06:37:44#appfire#\N#appfire#2015-12-22 06:37:44#appfire#1#appfire#1#appfire#33DCAA00-74A5-423C-B6A0-142016A5B254
6E3F8F32-B003-4BC1-B3C6-D1E86BADB8A7#appfire#AppMenusService#appfire#dec22.app.server.service.AppMenusService#appfire#{"resourceMapping":"/AppMenus","defaultMethodType":"","defaultContentType":""}#appfire#{"repository":{"filePath":"dec22/src/main/java/dec22/app/server/service/AppMenusService.java","fileName":"AppMenusService.java"},"implementInterface":[],"extendsClass":[],"repositories":[{"repository":{"filePath":"dec22/src/main/java/dec22/app/server/repository/AppMenusRepositoryImpl.java","fileName":"AppMenusRepositoryImpl.java"},"implementInterface":[{"filePath":"dec22/src/main/java/dec22/app/server/repository/AppMenusRepository.java","fileName":"AppMenusRepository.java"}],"extendsClass":[{"fileName":"SearchInterfaceImpl.java","filePath":"dec22/src/main/java/dec22/app/server/repository/SearchInterfaceImpl.java","isDisplay":false}],"entities":{"filePath":"dec22/src/main/java/dec22/app/shared/authorization/AppMenus.java","fileName":"AppMenus.java"}}]}#appfire#I#appfire#ZQPQWXV5D3UBRQGUKYXHG#appfire#ba9dced8-453e-49a3-b627-d497a1f91b17#appfire#1#appfire#\N#appfire#2015-12-22 06:38:03#appfire#\N#appfire#2015-12-22 06:38:03#appfire#1#appfire#1#appfire#FEF69333-BD4A-4415-898E-549FFAB6E31A
6EADC5C6-9CFC-48AB-894D-F844C314B497#appfire#ContactTypeService#appfire#dec22.app.server.service.ContactTypeService#appfire#{"resourceMapping":"/ContactType","defaultMethodType":"","defaultContentType":""}#appfire#{"repository":{"filePath":"dec22/src/main/java/dec22/app/server/service/ContactTypeService.java","fileName":"ContactTypeService.java"},"implementInterface":[],"extendsClass":[],"repositories":[{"repository":{"filePath":"dec22/src/main/java/dec22/app/server/repository/ContactTypeRepositoryImpl.java","fileName":"ContactTypeRepositoryImpl.java"},"implementInterface":[{"filePath":"dec22/src/main/java/dec22/app/server/repository/ContactTypeRepository.java","fileName":"ContactTypeRepository.java"}],"extendsClass":[{"fileName":"SearchInterfaceImpl.java","filePath":"dec22/src/main/java/dec22/app/server/repository/SearchInterfaceImpl.java","isDisplay":false}],"entities":{"filePath":"dec22/src/main/java/dec22/app/shared/contacts/ContactType.java","fileName":"ContactType.java"}}]}#appfire#I#appfire#ZQPQWXV5D3UBRQGUKYXHG#appfire#ba9dced8-453e-49a3-b627-d497a1f91b17#appfire#1#appfire#\N#appfire#2015-12-22 06:37:51#appfire#\N#appfire#2015-12-22 06:37:51#appfire#1#appfire#1#appfire#C6AB4BBA-0204-48FF-82E0-729A8E7FF9B1
73DC4AF8-FE7E-4C59-8A24-9288ADEF0656#appfire#LanguageService#appfire#dec22.app.server.service.LanguageService#appfire#{"resourceMapping":"/Language","defaultMethodType":"","defaultContentType":""}#appfire#{"repository":{"filePath":"dec22/src/main/java/dec22/app/server/service/LanguageService.java","fileName":"LanguageService.java"},"implementInterface":[],"extendsClass":[],"repositories":[{"repository":{"filePath":"dec22/src/main/java/dec22/app/server/repository/LanguageRepositoryImpl.java","fileName":"LanguageRepositoryImpl.java"},"implementInterface":[{"filePath":"dec22/src/main/java/dec22/app/server/repository/LanguageRepository.java","fileName":"LanguageRepository.java"}],"extendsClass":[{"fileName":"SearchInterfaceImpl.java","filePath":"dec22/src/main/java/dec22/app/server/repository/SearchInterfaceImpl.java","isDisplay":false}],"entities":{"filePath":"dec22/src/main/java/dec22/app/shared/location/Language.java","fileName":"Language.java"}}]}#appfire#I#appfire#ZQPQWXV5D3UBRQGUKYXHG#appfire#ba9dced8-453e-49a3-b627-d497a1f91b17#appfire#1#appfire#\N#appfire#2015-12-22 06:37:43#appfire#\N#appfire#2015-12-22 06:37:43#appfire#1#appfire#1#appfire#B4E4B099-9187-4A65-B110-9321D449F872
7FCDD9BB-02A8-4AE9-970D-6EC8E8FAF817#appfire#GenderService#appfire#dec22.app.server.service.GenderService#appfire#{"resourceMapping":"/Gender","defaultMethodType":"","defaultContentType":""}#appfire#{"repository":{"filePath":"dec22/src/main/java/dec22/app/server/service/GenderService.java","fileName":"GenderService.java"},"implementInterface":[],"extendsClass":[],"repositories":[{"repository":{"filePath":"dec22/src/main/java/dec22/app/server/repository/GenderRepositoryImpl.java","fileName":"GenderRepositoryImpl.java"},"implementInterface":[{"filePath":"dec22/src/main/java/dec22/app/server/repository/GenderRepository.java","fileName":"GenderRepository.java"}],"extendsClass":[{"fileName":"SearchInterfaceImpl.java","filePath":"dec22/src/main/java/dec22/app/server/repository/SearchInterfaceImpl.java","isDisplay":false}],"entities":{"filePath":"dec22/src/main/java/dec22/app/shared/contacts/Gender.java","fileName":"Gender.java"}}]}#appfire#I#appfire#ZQPQWXV5D3UBRQGUKYXHG#appfire#ba9dced8-453e-49a3-b627-d497a1f91b17#appfire#1#appfire#\N#appfire#2015-12-22 06:37:52#appfire#\N#appfire#2015-12-22 06:37:52#appfire#1#appfire#1#appfire#5CD12CB9-B760-44C8-8C04-B81A54FE3B77
886C54D0-564E-4767-8BF5-13C25887FFDD#appfire#VillageService#appfire#dec22.app.server.service.VillageService#appfire#{"resourceMapping":"/Village","defaultMethodType":"","defaultContentType":""}#appfire#{"repository":{"filePath":"dec22/src/main/java/dec22/app/server/service/VillageService.java","fileName":"VillageService.java"},"implementInterface":[],"extendsClass":[],"repositories":[{"repository":{"filePath":"dec22/src/main/java/dec22/app/server/repository/VillageRepositoryImpl.java","fileName":"VillageRepositoryImpl.java"},"implementInterface":[{"filePath":"dec22/src/main/java/dec22/app/server/repository/VillageRepository.java","fileName":"VillageRepository.java"}],"extendsClass":[{"fileName":"SearchInterfaceImpl.java","filePath":"dec22/src/main/java/dec22/app/server/repository/SearchInterfaceImpl.java","isDisplay":false}],"entities":{"filePath":"dec22/src/main/java/dec22/app/shared/location/Village.java","fileName":"Village.java"}}]}#appfire#I#appfire#ZQPQWXV5D3UBRQGUKYXHG#appfire#ba9dced8-453e-49a3-b627-d497a1f91b17#appfire#1#appfire#\N#appfire#2015-12-22 06:37:48#appfire#\N#appfire#2015-12-22 06:37:48#appfire#1#appfire#1#appfire#D5B1190B-B88F-4DBE-9B1E-6C7C388A94D4
9183417E-B155-4207-A95A-10979CCC8F1D#appfire#UserAccessDomainService#appfire#dec22.app.server.service.UserAccessDomainService#appfire#{"resourceMapping":"/UserAccessDomain","defaultMethodType":"","defaultContentType":""}#appfire#{"repository":{"filePath":"dec22/src/main/java/dec22/app/server/service/UserAccessDomainService.java","fileName":"UserAccessDomainService.java"},"implementInterface":[],"extendsClass":[],"repositories":[{"repository":{"filePath":"dec22/src/main/java/dec22/app/server/repository/UserAccessDomainRepositoryImpl.java","fileName":"UserAccessDomainRepositoryImpl.java"},"implementInterface":[{"filePath":"dec22/src/main/java/dec22/app/server/repository/UserAccessDomainRepository.java","fileName":"UserAccessDomainRepository.java"}],"extendsClass":[{"fileName":"SearchInterfaceImpl.java","filePath":"dec22/src/main/java/dec22/app/server/repository/SearchInterfaceImpl.java","isDisplay":false}],"entities":{"filePath":"dec22/src/main/java/dec22/app/shared/authentication/UserAccessDomain.java","fileName":"UserAccessDomain.java"}}]}#appfire#I#appfire#ZQPQWXV5D3UBRQGUKYXHG#appfire#ba9dced8-453e-49a3-b627-d497a1f91b17#appfire#1#appfire#\N#appfire#2015-12-22 06:37:57#appfire#\N#appfire#2015-12-22 06:37:57#appfire#1#appfire#1#appfire#84E8FD24-594C-470E-9207-C5865A709200
92BDDD40-772A-4124-A58B-8EA0D0773CB6#appfire#UserAccessLevelService#appfire#dec22.app.server.service.UserAccessLevelService#appfire#{"resourceMapping":"/UserAccessLevel","defaultMethodType":"","defaultContentType":""}#appfire#{"repository":{"filePath":"dec22/src/main/java/dec22/app/server/service/UserAccessLevelService.java","fileName":"UserAccessLevelService.java"},"implementInterface":[],"extendsClass":[],"repositories":[{"repository":{"filePath":"dec22/src/main/java/dec22/app/server/repository/UserAccessLevelRepositoryImpl.java","fileName":"UserAccessLevelRepositoryImpl.java"},"implementInterface":[{"filePath":"dec22/src/main/java/dec22/app/server/repository/UserAccessLevelRepository.java","fileName":"UserAccessLevelRepository.java"}],"extendsClass":[{"fileName":"SearchInterfaceImpl.java","filePath":"dec22/src/main/java/dec22/app/server/repository/SearchInterfaceImpl.java","isDisplay":false}],"entities":{"filePath":"dec22/src/main/java/dec22/app/shared/authentication/UserAccessLevel.java","fileName":"UserAccessLevel.java"}}]}#appfire#I#appfire#ZQPQWXV5D3UBRQGUKYXHG#appfire#ba9dced8-453e-49a3-b627-d497a1f91b17#appfire#1#appfire#\N#appfire#2015-12-22 06:37:56#appfire#\N#appfire#2015-12-22 06:37:56#appfire#1#appfire#1#appfire#66D58C63-3719-4EC6-A946-75516AA6C759
99ECBCE7-7A84-4C1B-8DC6-CDD3704E3302#appfire#AppCustomerTypeService#appfire#dec22.app.server.service.AppCustomerTypeService#appfire#{"resourceMapping":"/AppCustomerType","defaultMethodType":"","defaultContentType":""}#appfire#{"repository":{"filePath":"dec22/src/main/java/dec22/app/server/service/AppCustomerTypeService.java","fileName":"AppCustomerTypeService.java"},"implementInterface":[],"extendsClass":[],"repositories":[{"repository":{"filePath":"dec22/src/main/java/dec22/app/server/repository/AppCustomerTypeRepositoryImpl.java","fileName":"AppCustomerTypeRepositoryImpl.java"},"implementInterface":[{"filePath":"dec22/src/main/java/dec22/app/server/repository/AppCustomerTypeRepository.java","fileName":"AppCustomerTypeRepository.java"}],"extendsClass":[{"fileName":"SearchInterfaceImpl.java","filePath":"dec22/src/main/java/dec22/app/server/repository/SearchInterfaceImpl.java","isDisplay":false}],"entities":{"filePath":"dec22/src/main/java/dec22/app/shared/customers/AppCustomerType.java","fileName":"AppCustomerType.java"}}]}#appfire#I#appfire#ZQPQWXV5D3UBRQGUKYXHG#appfire#ba9dced8-453e-49a3-b627-d497a1f91b17#appfire#1#appfire#\N#appfire#2015-12-22 06:38:05#appfire#\N#appfire#2015-12-22 06:38:05#appfire#1#appfire#1#appfire#86F554EC-AFF3-4FC1-B855-7F33DB482F2B
ACB5C099-6A23-424E-B136-8AFCB3C48AA8#appfire#DistrictService#appfire#dec22.app.server.service.DistrictService#appfire#{"resourceMapping":"/District","defaultMethodType":"","defaultContentType":""}#appfire#{"repository":{"filePath":"dec22/src/main/java/dec22/app/server/service/DistrictService.java","fileName":"DistrictService.java"},"implementInterface":[],"extendsClass":[],"repositories":[{"repository":{"filePath":"dec22/src/main/java/dec22/app/server/repository/DistrictRepositoryImpl.java","fileName":"DistrictRepositoryImpl.java"},"implementInterface":[{"filePath":"dec22/src/main/java/dec22/app/server/repository/DistrictRepository.java","fileName":"DistrictRepository.java"}],"extendsClass":[{"fileName":"SearchInterfaceImpl.java","filePath":"dec22/src/main/java/dec22/app/server/repository/SearchInterfaceImpl.java","isDisplay":false}],"entities":{"filePath":"dec22/src/main/java/dec22/app/shared/location/District.java","fileName":"District.java"}}]}#appfire#I#appfire#ZQPQWXV5D3UBRQGUKYXHG#appfire#ba9dced8-453e-49a3-b627-d497a1f91b17#appfire#1#appfire#\N#appfire#2015-12-22 06:37:46#appfire#\N#appfire#2015-12-22 06:37:46#appfire#1#appfire#1#appfire#513BD50D-9B53-45FA-B0EA-44108719F3A1
BA3C5E70-D6DA-4AB8-8856-AF30F5A1115B#appfire#TalukaService#appfire#dec22.app.server.service.TalukaService#appfire#{"resourceMapping":"/Taluka","defaultMethodType":"","defaultContentType":""}#appfire#{"repository":{"filePath":"dec22/src/main/java/dec22/app/server/service/TalukaService.java","fileName":"TalukaService.java"},"implementInterface":[],"extendsClass":[],"repositories":[{"repository":{"filePath":"dec22/src/main/java/dec22/app/server/repository/TalukaRepositoryImpl.java","fileName":"TalukaRepositoryImpl.java"},"implementInterface":[{"filePath":"dec22/src/main/java/dec22/app/server/repository/TalukaRepository.java","fileName":"TalukaRepository.java"}],"extendsClass":[{"fileName":"SearchInterfaceImpl.java","filePath":"dec22/src/main/java/dec22/app/server/repository/SearchInterfaceImpl.java","isDisplay":false}],"entities":{"filePath":"dec22/src/main/java/dec22/app/shared/location/Taluka.java","fileName":"Taluka.java"}}]}#appfire#I#appfire#ZQPQWXV5D3UBRQGUKYXHG#appfire#ba9dced8-453e-49a3-b627-d497a1f91b17#appfire#1#appfire#\N#appfire#2015-12-22 06:37:47#appfire#\N#appfire#2015-12-22 06:37:47#appfire#1#appfire#1#appfire#87A1FC7D-98F1-4A21-B67F-342B8C9D12ED
BAEB5B4C-5300-4C7A-8698-21A953C94FD3#appfire#CommunicationTypeService#appfire#dec22.app.server.service.CommunicationTypeService#appfire#{"resourceMapping":"/CommunicationType","defaultMethodType":"","defaultContentType":""}#appfire#{"repository":{"filePath":"dec22/src/main/java/dec22/app/server/service/CommunicationTypeService.java","fileName":"CommunicationTypeService.java"},"implementInterface":[],"extendsClass":[],"repositories":[{"repository":{"filePath":"dec22/src/main/java/dec22/app/server/repository/CommunicationTypeRepositoryImpl.java","fileName":"CommunicationTypeRepositoryImpl.java"},"implementInterface":[{"filePath":"dec22/src/main/java/dec22/app/server/repository/CommunicationTypeRepository.java","fileName":"CommunicationTypeRepository.java"}],"extendsClass":[{"fileName":"SearchInterfaceImpl.java","filePath":"dec22/src/main/java/dec22/app/server/repository/SearchInterfaceImpl.java","isDisplay":false}],"entities":{"filePath":"dec22/src/main/java/dec22/app/shared/contacts/CommunicationType.java","fileName":"CommunicationType.java"}}]}#appfire#I#appfire#ZQPQWXV5D3UBRQGUKYXHG#appfire#ba9dced8-453e-49a3-b627-d497a1f91b17#appfire#1#appfire#\N#appfire#2015-12-22 06:37:51#appfire#\N#appfire#2015-12-22 06:37:51#appfire#1#appfire#1#appfire#00548275-6087-4270-B08D-D725247C5FBB
C614C24F-919F-4B39-9B86-E0C6A480DE10#appfire#TimezoneService#appfire#dec22.app.server.service.TimezoneService#appfire#{"resourceMapping":"/Timezone","defaultMethodType":"","defaultContentType":""}#appfire#{"repository":{"filePath":"dec22/src/main/java/dec22/app/server/service/TimezoneService.java","fileName":"TimezoneService.java"},"implementInterface":[],"extendsClass":[],"repositories":[{"repository":{"filePath":"dec22/src/main/java/dec22/app/server/repository/TimezoneRepositoryImpl.java","fileName":"TimezoneRepositoryImpl.java"},"implementInterface":[{"filePath":"dec22/src/main/java/dec22/app/server/repository/TimezoneRepository.java","fileName":"TimezoneRepository.java"}],"extendsClass":[{"fileName":"SearchInterfaceImpl.java","filePath":"dec22/src/main/java/dec22/app/server/repository/SearchInterfaceImpl.java","isDisplay":false}],"entities":{"filePath":"dec22/src/main/java/dec22/app/shared/location/Timezone.java","fileName":"Timezone.java"}}]}#appfire#I#appfire#ZQPQWXV5D3UBRQGUKYXHG#appfire#ba9dced8-453e-49a3-b627-d497a1f91b17#appfire#1#appfire#\N#appfire#2015-12-22 06:37:42#appfire#\N#appfire#2015-12-22 06:37:42#appfire#1#appfire#1#appfire#2EC2A82D-6CB9-4211-8AF5-2CF85A913759
C86A77C9-1615-48B0-8346-A7DB36C40F8F#appfire#TitleService#appfire#dec22.app.server.service.TitleService#appfire#{"resourceMapping":"/Title","defaultMethodType":"","defaultContentType":""}#appfire#{"repository":{"filePath":"dec22/src/main/java/dec22/app/server/service/TitleService.java","fileName":"TitleService.java"},"implementInterface":[],"extendsClass":[],"repositories":[{"repository":{"filePath":"dec22/src/main/java/dec22/app/server/repository/TitleRepositoryImpl.java","fileName":"TitleRepositoryImpl.java"},"implementInterface":[{"filePath":"dec22/src/main/java/dec22/app/server/repository/TitleRepository.java","fileName":"TitleRepository.java"}],"extendsClass":[{"fileName":"SearchInterfaceImpl.java","filePath":"dec22/src/main/java/dec22/app/server/repository/SearchInterfaceImpl.java","isDisplay":false}],"entities":{"filePath":"dec22/src/main/java/dec22/app/shared/contacts/Title.java","fileName":"Title.java"}}]}#appfire#I#appfire#ZQPQWXV5D3UBRQGUKYXHG#appfire#ba9dced8-453e-49a3-b627-d497a1f91b17#appfire#1#appfire#\N#appfire#2015-12-22 06:37:52#appfire#\N#appfire#2015-12-22 06:37:52#appfire#1#appfire#1#appfire#5BE6BC8E-036D-42D6-9B05-E3CDE6DFFE37
CCB176AA-475E-42BB-93AE-4A6C54E63A59#appfire#AddressTypeService#appfire#dec22.app.server.service.AddressTypeService#appfire#{"resourceMapping":"/AddressType","defaultMethodType":"","defaultContentType":""}#appfire#{"repository":{"filePath":"dec22/src/main/java/dec22/app/server/service/AddressTypeService.java","fileName":"AddressTypeService.java"},"implementInterface":[],"extendsClass":[],"repositories":[{"repository":{"filePath":"dec22/src/main/java/dec22/app/server/repository/AddressTypeRepositoryImpl.java","fileName":"AddressTypeRepositoryImpl.java"},"implementInterface":[{"filePath":"dec22/src/main/java/dec22/app/server/repository/AddressTypeRepository.java","fileName":"AddressTypeRepository.java"}],"extendsClass":[{"fileName":"SearchInterfaceImpl.java","filePath":"dec22/src/main/java/dec22/app/server/repository/SearchInterfaceImpl.java","isDisplay":false}],"entities":{"filePath":"dec22/src/main/java/dec22/app/shared/location/AddressType.java","fileName":"AddressType.java"}}]}#appfire#I#appfire#ZQPQWXV5D3UBRQGUKYXHG#appfire#ba9dced8-453e-49a3-b627-d497a1f91b17#appfire#1#appfire#\N#appfire#2015-12-22 06:37:49#appfire#\N#appfire#2015-12-22 06:37:49#appfire#1#appfire#1#appfire#9326113C-2FDA-4D1A-B3AC-644B4B38FCE7
D49859FA-4616-4665-97B2-D9C4A572C8BA#appfire#LoginService#appfire#dec22.app.server.service.LoginService#appfire#{"resourceMapping":"/Login","defaultMethodType":"","defaultContentType":""}#appfire#{"repository":{"filePath":"dec22/src/main/java/dec22/app/server/service/LoginService.java","fileName":"LoginService.java"},"implementInterface":[],"extendsClass":[],"repositories":[{"repository":{"filePath":"dec22/src/main/java/dec22/app/server/repository/LoginRepositoryImpl.java","fileName":"LoginRepositoryImpl.java"},"implementInterface":[{"filePath":"dec22/src/main/java/dec22/app/server/repository/LoginRepository.java","fileName":"LoginRepository.java"}],"extendsClass":[{"fileName":"SearchInterfaceImpl.java","filePath":"dec22/src/main/java/dec22/app/server/repository/SearchInterfaceImpl.java","isDisplay":false}],"entities":{"filePath":"dec22/src/main/java/dec22/app/shared/authentication/Login.java","fileName":"Login.java"}}]}#appfire#I#appfire#ZQPQWXV5D3UBRQGUKYXHG#appfire#ba9dced8-453e-49a3-b627-d497a1f91b17#appfire#1#appfire#\N#appfire#2015-12-22 06:37:59#appfire#\N#appfire#2015-12-22 06:37:59#appfire#1#appfire#1#appfire#01A524FA-D6B8-4CCF-8E11-468E58AF174A
D98A4866-E9D9-45D4-B0B4-7249C48BEEAB#appfire#AppCustomerService#appfire#dec22.app.server.service.AppCustomerService#appfire#{"resourceMapping":"/AppCustomer","defaultMethodType":"","defaultContentType":""}#appfire#{"repository":{"filePath":"dec22/src/main/java/dec22/app/server/service/AppCustomerService.java","fileName":"AppCustomerService.java"},"implementInterface":[],"extendsClass":[],"repositories":[{"repository":{"filePath":"dec22/src/main/java/dec22/app/server/repository/AppCustomerRepositoryImpl.java","fileName":"AppCustomerRepositoryImpl.java"},"implementInterface":[{"filePath":"dec22/src/main/java/dec22/app/server/repository/AppCustomerRepository.java","fileName":"AppCustomerRepository.java"}],"extendsClass":[{"fileName":"SearchInterfaceImpl.java","filePath":"dec22/src/main/java/dec22/app/server/repository/SearchInterfaceImpl.java","isDisplay":false}],"entities":{"filePath":"dec22/src/main/java/dec22/app/shared/customers/AppCustomer.java","fileName":"AppCustomer.java"}}]}#appfire#I#appfire#ZQPQWXV5D3UBRQGUKYXHG#appfire#ba9dced8-453e-49a3-b627-d497a1f91b17#appfire#1#appfire#\N#appfire#2015-12-22 06:38:06#appfire#\N#appfire#2015-12-22 06:38:06#appfire#1#appfire#1#appfire#30595514-3619-4C7F-8EA9-A79DAD6DCDD1
E08C97B0-02C3-4CC0-A2EE-14DC17AB3D6B#appfire#QuestionService#appfire#dec22.app.server.service.QuestionService#appfire#{"resourceMapping":"/Question","defaultMethodType":"","defaultContentType":""}#appfire#{"repository":{"filePath":"dec22/src/main/java/dec22/app/server/service/QuestionService.java","fileName":"QuestionService.java"},"implementInterface":[],"extendsClass":[],"repositories":[{"repository":{"filePath":"dec22/src/main/java/dec22/app/server/repository/QuestionRepositoryImpl.java","fileName":"QuestionRepositoryImpl.java"},"implementInterface":[{"filePath":"dec22/src/main/java/dec22/app/server/repository/QuestionRepository.java","fileName":"QuestionRepository.java"}],"extendsClass":[{"fileName":"SearchInterfaceImpl.java","filePath":"dec22/src/main/java/dec22/app/server/repository/SearchInterfaceImpl.java","isDisplay":false}],"entities":{"filePath":"dec22/src/main/java/dec22/app/shared/authentication/Question.java","fileName":"Question.java"}}]}#appfire#I#appfire#ZQPQWXV5D3UBRQGUKYXHG#appfire#ba9dced8-453e-49a3-b627-d497a1f91b17#appfire#1#appfire#\N#appfire#2015-12-22 06:37:56#appfire#\N#appfire#2015-12-22 06:37:56#appfire#1#appfire#1#appfire#D1C58230-E445-4FD4-934E-64E69FE3C692
F317A6A3-8E14-4568-82C1-BA26B29B3255#appfire#StateService#appfire#dec22.app.server.service.StateService#appfire#{"resourceMapping":"/State","defaultMethodType":"","defaultContentType":""}#appfire#{"repository":{"filePath":"dec22/src/main/java/dec22/app/server/service/StateService.java","fileName":"StateService.java"},"implementInterface":[],"extendsClass":[],"repositories":[{"repository":{"filePath":"dec22/src/main/java/dec22/app/server/repository/StateRepositoryImpl.java","fileName":"StateRepositoryImpl.java"},"implementInterface":[{"filePath":"dec22/src/main/java/dec22/app/server/repository/StateRepository.java","fileName":"StateRepository.java"}],"extendsClass":[{"fileName":"SearchInterfaceImpl.java","filePath":"dec22/src/main/java/dec22/app/server/repository/SearchInterfaceImpl.java","isDisplay":false}],"entities":{"filePath":"dec22/src/main/java/dec22/app/shared/location/State.java","fileName":"State.java"}}]}#appfire#I#appfire#ZQPQWXV5D3UBRQGUKYXHG#appfire#ba9dced8-453e-49a3-b627-d497a1f91b17#appfire#1#appfire#\N#appfire#2015-12-22 06:37:45#appfire#\N#appfire#2015-12-22 06:37:45#appfire#1#appfire#1#appfire#C7C459DE-F96A-4721-9A7C-0CB356E19E11
FC205ECE-4587-4DC7-9718-4737013903F2#appfire#CountryService#appfire#dec22.app.server.service.CountryService#appfire#{"resourceMapping":"/Country","defaultMethodType":"","defaultContentType":""}#appfire#{"repository":{"filePath":"dec22/src/main/java/dec22/app/server/service/CountryService.java","fileName":"CountryService.java"},"implementInterface":[],"extendsClass":[],"repositories":[{"repository":{"filePath":"dec22/src/main/java/dec22/app/server/repository/CountryRepositoryImpl.java","fileName":"CountryRepositoryImpl.java"},"implementInterface":[{"filePath":"dec22/src/main/java/dec22/app/server/repository/CountryRepository.java","fileName":"CountryRepository.java"}],"extendsClass":[{"fileName":"SearchInterfaceImpl.java","filePath":"dec22/src/main/java/dec22/app/server/repository/SearchInterfaceImpl.java","isDisplay":false}],"entities":{"filePath":"dec22/src/main/java/dec22/app/shared/location/Country.java","fileName":"Country.java"}}]}#appfire#I#appfire#ZQPQWXV5D3UBRQGUKYXHG#appfire#ba9dced8-453e-49a3-b627-d497a1f91b17#appfire#1#appfire#\N#appfire#2015-12-22 06:37:44#appfire#\N#appfire#2015-12-22 06:37:44#appfire#1#appfire#1#appfire#3E3D4ABD-CE2A-45FD-B1D9-A6E1FC8B7C2D
